customer_id,order_date,product_name,quantity,unit_price,total_amount
C0157,2023-01-01,Self-Help Guide,3,24.08,72.24
C0306,2023-01-01,Sunglasses,1,34.66,34.66
C0358,2023-01-01,Smartphone Case,2,13.26,26.52
C0453,2023-01-01,Running Shoes,2,60.33,120.66
C0012,2023-01-02,Fiction Novel,4,40.96,163.84
C0325,2023-01-03,Cookbook,1,22.89,22.89
C0544,2023-01-03,Kitchen Scale,1,17.45,17.45
C0179,2023-01-04,Business Strategy Book,1,32.84,32.84
C0070,2023-01-05,Bluetooth Speaker,1,58.96,58.96
C0337,2023-01-05,Coffee Maker,1,54.29,54.29
C0342,2023-01-05,Wireless Charger,1,20.47,20.47
C0378,2023-01-05,Running Shoes,1,59.59,59.59
C0389,2023-01-06,Fiction Novel,1,11.48,11.48
C0055,2023-01-07,Wireless Charger,3,39.31,117.93
C0389,2023-01-07,Coffee Maker,2,58.63,117.26
C0272,2023-01-08,Bluetooth Speaker,2,30.16,60.32
C0289,2023-01-08,Business Strategy Book,1,18.01,18.01
C0084,2023-01-09,LED Desk Lamp,2,49.12,98.24
C0419,2023-01-09,Air Purifier,3,127.45,382.35
C0550,2023-01-09,Coffee Maker,1,58.24,58.24
C0046,2023-01-10,Wireless Headphones,3,241.45,724.35
C0087,2023-01-10,Vacuum Cleaner,1,181.75,181.75
C0250,2023-01-10,Running Shoes,1,100.86,100.86
C0340,2023-01-10,Coffee Maker,2,56.61,113.22
C0473,2023-01-10,Cookbook,1,20.41,20.41
C0284,2023-01-11,Denim Jeans,4,40.67,162.68
C0026,2023-01-12,Business Strategy Book,4,61.63,246.52
C0100,2023-01-12,Cookbook,1,37.17,37.17
C0110,2023-01-12,Baseball Cap,4,27.34,109.36
C0480,2023-01-12,Smartphone Case,3,12.92,38.76
C0496,2023-01-12,Running Shoes,1,67.69,67.69
C0021,2023-01-13,Storage Bins,4,37.74,150.96
C0043,2023-01-13,Air Purifier,2,471.09,942.18
C0164,2023-01-13,Wireless Headphones,1,114.95,114.95
C0455,2023-01-13,Kitchen Scale,1,17.39,17.39
C0528,2023-01-13,Fiction Novel,2,9.63,19.26
C0038,2023-01-14,Running Shoes,1,205.19,205.19
C0473,2023-01-14,USB-C Cable,1,8.84,8.84
C0081,2023-01-15,Baseball Cap,1,27.08,27.08
C0089,2023-01-15,Smartphone Case,1,26.14,26.14
C0517,2023-01-15,LED Desk Lamp,2,26.03,52.06
C0448,2023-01-16,USB-C Cable,4,9.07,36.28
C0109,2023-01-17,LED Desk Lamp,1,49.95,49.95
C0172,2023-01-17,Business Strategy Book,1,29.97,29.97
C0246,2023-01-17,Bluetooth Speaker,4,54.86,219.44
C0277,2023-01-17,Business Strategy Book,4,17.3,69.2
C0159,2023-01-19,Smartphone Case,2,25.25,50.5
C0333,2023-01-19,Storage Bins,1,10.28,10.28
C0345,2023-01-19,Fiction Novel,1,11.07,11.07
C0101,2023-01-21,Cookbook,1,32.44,32.44
C0118,2023-01-21,Baseball Cap,3,32.13,96.39
C0430,2023-01-21,Car Phone Mount,1,15.79,15.79
C0246,2023-01-22,Power Bank,2,38.17,76.34
C0070,2023-01-25,Fiction Novel,1,16.95,16.95
C0179,2023-01-25,Kitchen Scale,2,31.68,63.36
C0381,2023-01-25,USB-C Cable,2,8.41,16.82
C0347,2023-01-26,Fiction Novel,1,9.8,9.8
C0546,2023-01-26,Self-Help Guide,1,14.14,14.14
C0225,2023-01-28,Fiction Novel,1,17.69,17.69
C0299,2023-01-28,Denim Jeans,1,43.31,43.31
C0022,2023-01-29,Bluetooth Speaker,1,124.87,124.87
C0462,2023-01-29,Self-Help Guide,1,13.5,13.5
C0515,2023-01-30,Denim Jeans,1,44.5,44.5
C0147,2023-01-31,Business Strategy Book,2,29.22,58.44
C0153,2023-01-31,Sunglasses,2,55.54,111.08
C0082,2023-02-02,Car Phone Mount,1,28.85,28.85
C0316,2023-02-03,Kitchen Scale,1,16.79,16.79
C0056,2023-02-04,Screen Protector,1,11.79,11.79
C0177,2023-02-04,Bluetooth Speaker,1,58.38,58.38
C0433,2023-02-04,Air Purifier,3,133.24,399.72
C0530,2023-02-05,Running Shoes,2,64.88,129.76
C0081,2023-02-06,Smartphone Case,3,23.64,70.92
C0223,2023-02-06,Bluetooth Speaker,1,57.17,57.17
C0503,2023-02-07,USB-C Cable,1,9.5,9.5
C0544,2023-02-07,Wireless Headphones,4,62.83,251.32
C0018,2023-02-08,Smartphone Case,1,45.5,45.5
C0290,2023-02-08,Self-Help Guide,1,14.91,14.91
C0447,2023-02-08,Wireless Headphones,1,59.36,59.36
C0022,2023-02-09,Air Purifier,1,509.79,509.79
C0349,2023-02-09,Power Bank,2,24.81,49.62
C0431,2023-02-09,Fiction Novel,2,11.54,23.08
C0106,2023-02-10,Wireless Charger,2,33.77,67.54
C0167,2023-02-10,Power Bank,3,43.4,130.2
C0205,2023-02-10,Business Strategy Book,1,28.9,28.9
C0352,2023-02-10,Screen Protector,1,6.93,6.93
C0263,2023-02-11,Kitchen Scale,1,17.37,17.37
C0371,2023-02-11,Cookbook,1,19.21,19.21
C0394,2023-02-11,Casual T-Shirt,1,14.88,14.88
C0295,2023-02-12,Car Phone Mount,2,18.59,37.18
C0181,2023-02-13,Denim Jeans,2,78.64,157.28
C0042,2023-02-15,Power Bank,1,87.46,87.46
C0232,2023-02-15,Denim Jeans,1,72.85,72.85
C0247,2023-02-15,Sunglasses,3,58.43,175.29
C0286,2023-02-16,Running Shoes,1,64.1,64.1
C0307,2023-02-16,Fiction Novel,2,10.9,21.8
C0457,2023-02-16,Power Bank,1,25.82,25.82
C0506,2023-02-16,Running Shoes,1,67.47,67.47
C0087,2023-02-18,Vacuum Cleaner,1,169.88,169.88
C0274,2023-02-18,Wireless Headphones,1,68.5,68.5
C0076,2023-02-19,Running Shoes,3,102.42,307.26
C0083,2023-02-20,Wireless Charger,2,39.11,78.22
C0171,2023-02-20,Self-Help Guide,1,26.07,26.07
C0347,2023-02-20,Wireless Headphones,1,63.53,63.53
C0381,2023-02-22,Running Shoes,2,59.74,119.48
C0439,2023-02-22,Sunglasses,1,38.39,38.39
C0448,2023-02-22,Storage Bins,2,11.31,22.62
C0471,2023-02-22,Baseball Cap,1,19.12,19.12
C0073,2023-02-23,Self-Help Guide,1,23.16,23.16
C0290,2023-02-23,USB-C Cable,4,9.79,39.16
C0461,2023-02-23,Kitchen Scale,1,17.35,17.35
C0029,2023-02-25,USB-C Cable,3,35.21,105.63
C0096,2023-02-26,LED Desk Lamp,1,47.05,47.05
C0272,2023-02-27,Cookbook,3,22.98,68.94
C0485,2023-02-27,Car Phone Mount,3,17.29,51.87
C0502,2023-02-28,Wireless Charger,1,21.02,21.02
C0010,2023-03-01,Running Shoes,2,238.9,477.8
C0198,2023-03-02,Storage Bins,1,17.43,17.43
C0087,2023-03-03,Denim Jeans,2,65.29,130.58
C0469,2023-03-05,Smartphone Case,1,14.27,14.27
C0034,2023-03-06,Business Strategy Book,3,59.82,179.46
C0269,2023-03-06,Power Bank,1,26.87,26.87
C0341,2023-03-06,Wireless Charger,1,21.55,21.55
C0380,2023-03-06,Screen Protector,1,7.46,7.46
C0408,2023-03-06,Cookbook,1,20.56,20.56
C0078,2023-03-07,Power Bank,1,37.82,37.82
C0226,2023-03-07,Storage Bins,1,20.58,20.58
C0442,2023-03-08,Smartphone Case,2,13.94,27.88
C0125,2023-03-09,Screen Protector,1,12.41,12.41
C0462,2023-03-09,USB-C Cable,3,9.78,29.34
C0111,2023-03-10,Storage Bins,4,19.16,76.64
C0321,2023-03-11,Fiction Novel,3,11.53,34.59
C0282,2023-03-13,Car Phone Mount,1,16.29,16.29
C0440,2023-03-13,Sunglasses,2,34.26,68.52
C0081,2023-03-15,Coffee Maker,2,93.63,187.26
C0111,2023-03-16,Kitchen Scale,2,34.0,68.0
C0159,2023-03-16,Car Phone Mount,1,27.81,27.81
C0224,2023-03-16,Running Shoes,2,108.63,217.26
C0263,2023-03-16,Screen Protector,2,7.16,14.32
C0465,2023-03-16,Smartphone Case,1,12.82,12.82
C0510,2023-03-16,Kitchen Scale,1,17.84,17.84
C0435,2023-03-18,Self-Help Guide,1,13.98,13.98
C0217,2023-03-19,Running Shoes,2,114.62,229.24
C0522,2023-03-19,Storage Bins,1,10.79,10.79
C0441,2023-03-20,Power Bank,3,26.31,78.93
C0482,2023-03-20,Vacuum Cleaner,2,99.8,199.6
C0505,2023-03-21,USB-C Cable,2,9.31,18.62
C0240,2023-03-22,Baseball Cap,2,30.18,60.36
C0447,2023-03-22,Sunglasses,2,36.34,72.68
C0084,2023-03-23,Coffee Maker,1,100.31,100.31
C0088,2023-03-23,Denim Jeans,1,73.46,73.46
C0255,2023-03-23,USB-C Cable,2,9.7,19.4
C0144,2023-03-24,Bluetooth Speaker,1,50.49,50.49
C0294,2023-03-24,Smartphone Case,4,14.91,59.64
C0231,2023-03-25,Cookbook,1,34.36,34.36
C0240,2023-03-25,Coffee Maker,2,91.64,183.28
C0306,2023-03-25,Storage Bins,1,11.32,11.32
C0386,2023-03-25,Wireless Charger,3,20.59,61.77
C0432,2023-03-26,Coffee Maker,1,52.43,52.43
C0482,2023-03-27,Denim Jeans,1,40.7,40.7
C0028,2023-03-28,Smartphone Case,4,53.37,213.48
C0091,2023-03-28,Air Purifier,2,238.99,477.98
C0230,2023-03-28,Wireless Headphones,1,118.68,118.68
C0276,2023-03-29,Sunglasses,1,32.21,32.21
C0411,2023-03-31,Bluetooth Speaker,1,34.41,34.41
C0442,2023-03-31,Wireless Charger,1,19.65,19.65
C0530,2023-03-31,Kitchen Scale,1,17.17,17.17
C0084,2023-04-01,Bluetooth Speaker,1,59.02,59.02
C0076,2023-04-03,Wireless Charger,1,38.85,38.85
C0318,2023-04-03,Cookbook,1,21.51,21.51
C0532,2023-04-03,Vacuum Cleaner,1,94.75,94.75
C0472,2023-04-05,Kitchen Scale,1,18.91,18.91
C0195,2023-04-06,Vacuum Cleaner,1,195.49,195.49
C0485,2023-04-06,LED Desk Lamp,1,29.19,29.19
C0043,2023-04-08,Kitchen Scale,1,70.88,70.88
C0104,2023-04-09,Storage Bins,1,18.32,18.32
C0199,2023-04-09,Vacuum Cleaner,1,180.89,180.89
C0297,2023-04-09,Cookbook,1,22.42,22.42
C0499,2023-04-09,Wireless Charger,1,20.46,20.46
C0130,2023-04-10,Smartphone Case,2,24.5,49.0
C0079,2023-04-12,Sunglasses,1,54.22,54.22
C0411,2023-04-12,Denim Jeans,4,43.3,173.2
C0506,2023-04-12,Wireless Headphones,1,62.61,62.61
C0080,2023-04-13,Vacuum Cleaner,4,187.96,751.84
C0115,2023-04-13,Wireless Headphones,2,101.15,202.3
C0118,2023-04-14,Cookbook,1,38.72,38.72
C0191,2023-04-14,Casual T-Shirt,1,25.7,25.7
C0244,2023-04-14,Vacuum Cleaner,1,190.52,190.52
C0356,2023-04-14,Self-Help Guide,3,14.79,44.37
C0434,2023-04-14,Screen Protector,2,7.28,14.56
C0436,2023-04-14,Car Phone Mount,2,16.15,32.3
C0170,2023-04-15,Running Shoes,2,116.37,232.74
C0466,2023-04-15,Smartphone Case,1,14.44,14.44
C0221,2023-04-16,Air Purifier,1,217.49,217.49
C0328,2023-04-16,Baseball Cap,2,17.05,34.1
C0544,2023-04-18,Vacuum Cleaner,2,110.48,220.96
C0123,2023-04-19,Sunglasses,3,65.68,197.04
C0363,2023-04-19,Fiction Novel,2,11.5,23.0
C0269,2023-04-20,Sunglasses,3,37.3,111.9
C0228,2023-04-21,Screen Protector,1,11.1,11.1
C0376,2023-04-21,Storage Bins,1,12.1,12.1
C0465,2023-04-21,Denim Jeans,1,42.48,42.48
C0424,2023-04-22,Air Purifier,2,141.51,283.02
C0107,2023-04-23,Sunglasses,1,62.82,62.82
C0107,2023-04-23,Sunglasses,1,54.02,54.02
C0253,2023-04-23,Baseball Cap,4,17.18,68.72
C0272,2023-04-23,Wireless Charger,1,23.08,23.08
C0320,2023-04-23,Kitchen Scale,1,16.7,16.7
C0479,2023-04-23,Wireless Charger,1,21.24,21.24
C0512,2023-04-23,Storage Bins,1,10.64,10.64
C0292,2023-04-24,Casual T-Shirt,1,13.94,13.94
C0482,2023-04-24,Bluetooth Speaker,1,33.4,33.4
C0186,2023-04-26,Sunglasses,1,57.85,57.85
C0361,2023-04-26,Car Phone Mount,1,17.71,17.71
C0539,2023-04-26,Baseball Cap,1,17.98,17.98
C0546,2023-04-26,Wireless Charger,1,20.51,20.51
C0103,2023-04-27,Running Shoes,3,102.45,307.35
C0292,2023-04-27,Power Bank,4,22.1,88.4
C0434,2023-04-27,Bluetooth Speaker,2,32.3,64.6
C0054,2023-04-28,Cookbook,2,37.34,74.68
C0520,2023-04-28,Screen Protector,2,6.88,13.76
C0544,2023-04-28,Baseball Cap,2,16.13,32.26
C0117,2023-04-29,Wireless Headphones,2,113.88,227.76
C0015,2023-04-30,Self-Help Guide,2,45.33,90.66
C0286,2023-04-30,Fiction Novel,1,10.36,10.36
C0301,2023-04-30,LED Desk Lamp,3,29.96,89.88
C0534,2023-05-02,Vacuum Cleaner,2,112.58,225.16
C0112,2023-05-04,Running Shoes,1,100.72,100.72
C0113,2023-05-04,Wireless Charger,1,37.4,37.4
C0460,2023-05-04,Fiction Novel,4,9.6,38.4
C0236,2023-05-05,Sunglasses,2,64.31,128.62
C0136,2023-05-07,Sunglasses,2,58.9,117.8
C0352,2023-05-07,Self-Help Guide,2,14.08,28.16
C0254,2023-05-08,Screen Protector,1,6.97,6.97
C0441,2023-05-09,USB-C Cable,2,9.79,19.58
C0158,2023-05-10,Casual T-Shirt,1,24.72,24.72
C0204,2023-05-10,Smartphone Case,1,25.13,25.13
C0509,2023-05-10,Vacuum Cleaner,4,108.39,433.56
C0523,2023-05-11,Screen Protector,3,7.03,21.09
C0262,2023-05-12,Kitchen Scale,1,18.71,18.71
C0255,2023-05-13,Coffee Maker,2,55.54,111.08
C0279,2023-05-13,Air Purifier,3,145.8,437.4
C0497,2023-05-14,Cookbook,1,20.83,20.83
C0234,2023-05-15,Vacuum Cleaner,3,178.17,534.51
C0106,2023-05-17,Smartphone Case,2,23.09,46.18
C0131,2023-05-17,Screen Protector,1,12.05,12.05
C0219,2023-05-19,Denim Jeans,3,69.41,208.23
C0314,2023-05-20,Coffee Maker,4,59.33,237.32
C0247,2023-05-21,Casual T-Shirt,2,25.52,51.04
C0336,2023-05-21,Fiction Novel,1,10.24,10.24
C0051,2023-05-22,Fiction Novel,2,19.72,39.44
C0402,2023-05-22,Wireless Charger,2,20.07,40.14
C0324,2023-05-23,Wireless Charger,1,19.03,19.03
C0504,2023-05-23,Smartphone Case,1,13.06,13.06
C0071,2023-05-24,Business Strategy Book,1,28.75,28.75
C0006,2023-05-25,USB-C Cable,3,31.72,95.16
C0156,2023-05-25,Casual T-Shirt,2,25.74,51.48
C0184,2023-05-25,Vacuum Cleaner,1,191.36,191.36
C0271,2023-05-25,Denim Jeans,1,41.25,41.25
C0515,2023-05-27,Sunglasses,3,37.28,111.84
C0520,2023-05-27,Denim Jeans,1,39.94,39.94
C0003,2023-05-28,Coffee Maker,2,194.11,388.22
C0433,2023-05-28,Business Strategy Book,2,16.35,32.7
C0032,2023-05-29,Bluetooth Speaker,2,114.07,228.14
C0093,2023-05-29,Vacuum Cleaner,1,171.24,171.24
C0393,2023-05-29,Sunglasses,2,34.77,69.54
C0209,2023-06-01,Coffee Maker,1,105.88,105.88
C0261,2023-06-01,Running Shoes,1,65.65,65.65
C0104,2023-06-02,Denim Jeans,2,72.08,144.16
C0513,2023-06-02,Power Bank,1,25.11,25.11
C0037,2023-06-03,Business Strategy Book,1,63.9,63.9
C0041,2023-06-03,Kitchen Scale,1,71.13,71.13
C0085,2023-06-03,LED Desk Lamp,2,53.77,107.54
C0159,2023-06-04,LED Desk Lamp,1,56.24,56.24
C0541,2023-06-04,Business Strategy Book,1,18.56,18.56
C0547,2023-06-04,Smartphone Case,1,15.33,15.33
C0007,2023-06-05,Kitchen Scale,1,71.69,71.69
C0039,2023-06-05,Vacuum Cleaner,1,379.56,379.56
C0058,2023-06-05,Vacuum Cleaner,1,190.52,190.52
C0202,2023-06-05,Cookbook,1,40.65,40.65
C0301,2023-06-06,Air Purifier,3,164.05,492.15
C0042,2023-06-07,Wireless Headphones,1,267.0,267.0
C0016,2023-06-08,Wireless Charger,2,88.72,177.44
C0338,2023-06-08,Fiction Novel,1,11.13,11.13
C0422,2023-06-08,Sunglasses,2,35.47,70.94
C0511,2023-06-08,Cookbook,1,24.69,24.69
C0117,2023-06-09,Smartphone Case,2,28.03,56.06
C0128,2023-06-09,Kitchen Scale,1,34.05,34.05
C0132,2023-06-10,Fiction Novel,1,18.48,18.48
C0306,2023-06-10,Cookbook,1,23.06,23.06
C0325,2023-06-10,Cookbook,1,25.38,25.38
C0453,2023-06-10,LED Desk Lamp,1,29.1,29.1
C0501,2023-06-10,Baseball Cap,3,19.69,59.07
C0242,2023-06-11,Cookbook,1,43.0,43.0
C0125,2023-06-14,Bluetooth Speaker,2,56.43,112.86
C0425,2023-06-14,Cookbook,2,23.86,47.72
C0184,2023-06-15,Air Purifier,1,285.66,285.66
C0447,2023-06-15,Cookbook,1,23.97,23.97
C0449,2023-06-15,Bluetooth Speaker,1,38.1,38.1
C0268,2023-06-17,Screen Protector,1,8.19,8.19
C0319,2023-06-17,USB-C Cable,1,10.27,10.27
C0350,2023-06-17,Casual T-Shirt,1,15.12,15.12
C0490,2023-06-17,USB-C Cable,1,9.32,9.32
C0179,2023-06-18,Coffee Maker,4,105.13,420.52
C0282,2023-06-19,Wireless Charger,1,24.7,24.7
C0011,2023-06-20,Denim Jeans,1,172.39,172.39
C0251,2023-06-20,Power Bank,1,29.33,29.33
C0392,2023-06-21,Business Strategy Book,1,19.75,19.75
C0211,2023-06-22,Smartphone Case,1,27.64,27.64
C0242,2023-06-22,Kitchen Scale,1,33.42,33.42
C0449,2023-06-22,Baseball Cap,1,20.75,20.75
C0515,2023-06-22,Cookbook,1,22.12,22.12
C0326,2023-06-24,Casual T-Shirt,2,16.43,32.86
C0415,2023-06-24,Power Bank,1,27.13,27.13
C0437,2023-06-24,Power Bank,1,28.09,28.09
C0206,2023-06-25,Self-Help Guide,1,25.31,25.31
C0390,2023-06-26,Casual T-Shirt,2,14.71,29.42
C0343,2023-06-28,Smartphone Case,1,15.43,15.43
C0431,2023-06-28,Storage Bins,1,12.5,12.5
C0021,2023-06-29,Sunglasses,1,148.88,148.88
C0550,2023-06-29,Running Shoes,1,71.04,71.04
C0498,2023-06-30,Smartphone Case,1,16.87,16.87
C0010,2023-07-01,Running Shoes,2,235.04,470.08
C0366,2023-07-02,Bluetooth Speaker,1,35.05,35.05
C0225,2023-07-03,Wireless Charger,1,41.39,41.39
C0528,2023-07-03,Sunglasses,1,41.4,41.4
C0124,2023-07-06,Sunglasses,1,66.86,66.86
C0128,2023-07-07,Storage Bins,1,19.59,19.59
C0283,2023-07-07,Baseball Cap,1,20.72,20.72
C0347,2023-07-07,Cookbook,2,24.32,48.64
C0100,2023-07-08,Fiction Novel,2,20.0,40.0
C0331,2023-07-10,Cookbook,1,24.78,24.78
C0046,2023-07-11,Self-Help Guide,1,53.62,53.62
C0427,2023-07-12,Business Strategy Book,1,20.65,20.65
C0001,2023-07-13,Vacuum Cleaner,1,418.38,418.38
C0322,2023-07-13,Car Phone Mount,1,17.64,17.64
C0056,2023-07-14,Baseball Cap,4,35.38,141.52
C0177,2023-07-14,Self-Help Guide,2,28.7,57.4
C0229,2023-07-14,Wireless Headphones,1,130.03,130.03
C0106,2023-07-15,Self-Help Guide,1,27.77,27.77
C0160,2023-07-18,Power Bank,1,49.22,49.22
C0129,2023-07-19,Sunglasses,1,71.13,71.13
C0222,2023-07-19,Car Phone Mount,1,34.41,34.41
C0275,2023-07-19,Air Purifier,1,153.67,153.67
C0327,2023-07-20,USB-C Cable,4,9.58,38.32
C0537,2023-07-20,Denim Jeans,3,47.76,143.28
C0094,2023-07-21,Smartphone Case,2,25.62,51.24
C0087,2023-07-22,Bluetooth Speaker,4,61.44,245.76
C0072,2023-07-23,Coffee Maker,1,112.85,112.85
C0040,2023-07-24,Casual T-Shirt,1,55.85,55.85
C0386,2023-07-24,LED Desk Lamp,1,28.68,28.68
C0271,2023-07-25,Baseball Cap,4,19.78,79.12
C0458,2023-07-25,Baseball Cap,2,18.85,37.7
C0311,2023-07-26,Coffee Maker,1,66.61,66.61
C0417,2023-07-26,Business Strategy Book,2,19.78,39.56
C0531,2023-07-26,Kitchen Scale,1,19.86,19.86
C0349,2023-07-27,USB-C Cable,3,10.78,32.34
C0021,2023-07-28,Business Strategy Book,1,69.29,69.29
C0081,2023-07-28,LED Desk Lamp,1,56.37,56.37
C0236,2023-07-28,Business Strategy Book,4,32.63,130.52
C0426,2023-07-28,USB-C Cable,1,10.5,10.5
C0451,2023-07-29,Smartphone Case,2,13.91,27.82
C0257,2023-07-30,Power Bank,2,25.25,50.5
C0310,2023-08-01,Business Strategy Book,4,17.6,70.4
C0008,2023-08-02,Casual T-Shirt,1,50.86,50.86
C0041,2023-08-03,Business Strategy Book,1,71.55,71.55
C0225,2023-08-03,Coffee Maker,1,111.92,111.92
C0362,2023-08-04,Car Phone Mount,1,19.65,19.65
C0308,2023-08-05,Running Shoes,1,67.22,67.22
C0341,2023-08-05,Baseball Cap,2,20.66,41.32
C0391,2023-08-06,Storage Bins,1,11.12,11.12
C0032,2023-08-08,Smartphone Case,2,60.19,120.38
C0147,2023-08-08,Car Phone Mount,1,31.09,31.09
C0219,2023-08-08,Denim Jeans,1,83.0,83.0
C0451,2023-08-08,USB-C Cable,1,10.21,10.21
C0479,2023-08-08,Bluetooth Speaker,1,32.16,32.16
C0139,2023-08-09,Storage Bins,2,21.22,42.44
C0377,2023-08-11,Fiction Novel,1,12.27,12.27
C0387,2023-08-11,Running Shoes,1,69.59,69.59
C0421,2023-08-11,LED Desk Lamp,1,28.73,28.73
C0500,2023-08-11,Screen Protector,3,8.22,24.66
C0270,2023-08-13,Sunglasses,2,39.88,79.76
C0330,2023-08-13,Running Shoes,2,69.71,139.42
C0123,2023-08-14,Baseball Cap,1,36.23,36.23
C0456,2023-08-14,Smartphone Case,1,16.15,16.15
C0488,2023-08-14,Running Shoes,1,67.05,67.05
C0003,2023-08-15,LED Desk Lamp,1,107.41,107.41
C0004,2023-08-15,Coffee Maker,1,239.34,239.34
C0158,2023-08-15,Fiction Novel,2,21.07,42.14
C0408,2023-08-15,Coffee Maker,1,60.29,60.29
C0526,2023-08-15,Fiction Novel,1,10.51,10.51
C0542,2023-08-15,Wireless Headphones,2,63.41,126.82
C0325,2023-08-16,Running Shoes,1,70.73,70.73
C0339,2023-08-16,Business Strategy Book,1,19.58,19.58
C0440,2023-08-16,Wireless Headphones,1,65.18,65.18
C0465,2023-08-16,Air Purifier,1,140.52,140.52
C0503,2023-08-16,Screen Protector,2,6.96,13.92
C0075,2023-08-17,Running Shoes,1,110.8,110.8
C0009,2023-08-18,Sunglasses,1,142.43,142.43
C0465,2023-08-19,Kitchen Scale,2,21.18,42.36
C0342,2023-08-20,Car Phone Mount,1,19.77,19.77
C0360,2023-08-21,Cookbook,1,24.91,24.91
C0465,2023-08-22,Storage Bins,2,11.17,22.34
C0111,2023-08-23,Casual T-Shirt,1,26.6,26.6
C0245,2023-08-23,Vacuum Cleaner,1,201.04,201.04
C0437,2023-08-24,Fiction Novel,1,11.13,11.13
C0157,2023-08-25,Car Phone Mount,1,31.13,31.13
C0415,2023-08-26,Self-Help Guide,1,14.34,14.34
C0021,2023-08-27,Storage Bins,4,37.74,150.96
C0052,2023-08-27,Coffee Maker,1,113.77,113.77
C0074,2023-08-29,Business Strategy Book,1,33.04,33.04
C0217,2023-08-30,Coffee Maker,3,98.54,295.62
C0453,2023-08-30,Coffee Maker,1,61.81,61.81
C0496,2023-08-30,Kitchen Scale,4,18.03,72.12
C0259,2023-08-31,Air Purifier,1,168.65,168.65
C0474,2023-08-31,Storage Bins,1,13.37,13.37
C0519,2023-09-01,Cookbook,1,20.98,20.98
C0531,2023-09-02,Wireless Charger,4,22.95,91.8
C0030,2023-09-03,Cookbook,1,73.23,73.23
C0173,2023-09-04,Sunglasses,3,65.91,197.73
C0442,2023-09-04,Kitchen Scale,1,18.43,18.43
C0133,2023-09-05,Business Strategy Book,1,32.73,32.73
C0374,2023-09-05,Wireless Charger,1,22.43,22.43
C0550,2023-09-06,Air Purifier,1,145.25,145.25
C0162,2023-09-07,Kitchen Scale,1,30.23,30.23
C0389,2023-09-07,Air Purifier,1,129.37,129.37
C0021,2023-09-08,Business Strategy Book,1,69.29,69.29
C0058,2023-09-08,Kitchen Scale,1,29.12,29.12
C0520,2023-09-08,Coffee Maker,1,53.41,53.41
C0324,2023-09-09,Smartphone Case,1,14.77,14.77
C0419,2023-09-10,USB-C Cable,2,8.72,17.44
C0493,2023-09-10,Screen Protector,1,7.25,7.25
C0536,2023-09-10,Air Purifier,2,137.92,275.84
C0065,2023-09-11,Cookbook,2,35.01,70.02
C0112,2023-09-11,Car Phone Mount,1,29.38,29.38
C0236,2023-09-11,Denim Jeans,1,68.86,68.86
C0286,2023-09-11,Sunglasses,1,36.38,36.38
C0032,2023-09-13,Casual T-Shirt,1,50.78,50.78
C0230,2023-09-13,Cookbook,1,35.53,35.53
C0434,2023-09-13,Coffee Maker,1,60.69,60.69
C0474,2023-09-15,Car Phone Mount,1,17.79,17.79
C0271,2023-09-16,USB-C Cable,3,8.27,24.81
C0275,2023-09-16,Smartphone Case,1,14.02,14.02
C0485,2023-09-16,Power Bank,1,23.69,23.69
C0159,2023-09-17,Fiction Novel,1,16.83,16.83
C0451,2023-09-17,Storage Bins,1,11.81,11.81
C0472,2023-09-17,Self-Help Guide,2,15.3,30.6
C0491,2023-09-17,Cookbook,1,19.17,19.17
C0021,2023-09-19,Storage Bins,4,37.74,150.96
C0154,2023-09-19,Air Purifier,3,216.13,648.39
C0494,2023-09-19,Vacuum Cleaner,3,104.93,314.79
C0515,2023-09-19,Kitchen Scale,2,18.04,36.08
C0061,2023-09-21,Car Phone Mount,2,28.28,56.56
C0389,2023-09-21,Air Purifier,1,132.8,132.8
C0547,2023-09-21,Wireless Headphones,3,68.61,205.83
C0059,2023-09-22,Denim Jeans,1,78.47,78.47
C0476,2023-09-22,Self-Help Guide,2,13.38,26.76
C0032,2023-09-23,Casual T-Shirt,1,50.78,50.78
C0045,2023-09-23,LED Desk Lamp,1,92.75,92.75
C0216,2023-09-23,Sunglasses,2,63.01,126.02
C0250,2023-09-23,Vacuum Cleaner,1,174.1,174.1
C0521,2023-09-24,Car Phone Mount,4,17.59,70.36
C0470,2023-09-25,Wireless Charger,1,20.98,20.98
C0527,2023-09-26,Car Phone Mount,4,18.24,72.96
C0390,2023-09-27,USB-C Cable,2,8.78,17.56
C0415,2023-09-29,Self-Help Guide,3,15.35,46.05
C0478,2023-09-29,Fiction Novel,2,10.49,20.98
C0059,2023-09-30,Bluetooth Speaker,1,55.15,55.15
C0178,2023-09-30,Business Strategy Book,2,29.82,59.64
C0043,2023-10-01,Wireless Headphones,4,219.86,879.44
C0331,2023-10-01,Business Strategy Book,2,17.13,34.26
C0376,2023-10-01,Kitchen Scale,2,19.92,39.84
C0503,2023-10-01,Running Shoes,3,66.76,200.28
C0093,2023-10-02,Business Strategy Book,2,27.1,54.2
C0449,2023-10-03,Running Shoes,1,62.85,62.85
C0260,2023-10-04,Wireless Headphones,1,66.83,66.83
C0358,2023-10-04,Kitchen Scale,1,16.69,16.69
C0102,2023-10-05,Screen Protector,3,12.44,37.32
C0130,2023-10-05,Casual T-Shirt,2,26.31,52.62
C0141,2023-10-05,Bluetooth Speaker,1,51.37,51.37
C0298,2023-10-05,Vacuum Cleaner,1,99.23,99.23
C0063,2023-10-06,Air Purifier,2,220.94,441.88
C0481,2023-10-06,Coffee Maker,1,59.55,59.55
C0522,2023-10-07,Casual T-Shirt,1,15.35,15.35
C0059,2023-10-08,Kitchen Scale,1,28.24,28.24
C0453,2023-10-09,Baseball Cap,1,19.14,19.14
C0332,2023-10-10,Casual T-Shirt,1,13.57,13.57
C0020,2023-10-11,USB-C Cable,2,34.84,69.68
C0521,2023-10-11,Wireless Charger,1,21.99,21.99
C0417,2023-10-12,Casual T-Shirt,1,12.88,12.88
C0476,2023-10-14,Self-Help Guide,1,14.78,14.78
C0170,2023-10-15,Coffee Maker,2,93.27,186.54
C0391,2023-10-15,Sunglasses,1,32.05,32.05
C0053,2023-10-16,Coffee Maker,3,101.7,305.1
C0157,2023-10-16,Cookbook,1,37.26,37.26
C0378,2023-10-16,Fiction Novel,3,10.47,31.41
C0525,2023-10-16,USB-C Cable,1,8.39,8.39
C0065,2023-10-17,Self-Help Guide,1,22.07,22.07
C0318,2023-10-17,Denim Jeans,1,44.54,44.54
C0493,2023-10-17,Kitchen Scale,1,17.94,17.94
C0509,2023-10-17,Self-Help Guide,1,14.36,14.36
C0547,2023-10-18,Storage Bins,1,10.24,10.24
C0249,2023-10-19,USB-C Cable,2,14.24,28.48
C0266,2023-10-19,Car Phone Mount,2,17.84,35.68
C0262,2023-10-20,Fiction Novel,1,10.98,10.98
C0446,2023-10-20,Coffee Maker,1,54.43,54.43
C0452,2023-10-21,Running Shoes,2,65.42,130.84
C0317,2023-10-22,Air Purifier,1,138.22,138.22
C0410,2023-10-22,Car Phone Mount,2,18.89,37.78
C0497,2023-10-22,USB-C Cable,1,9.26,9.26
C0271,2023-10-23,Bluetooth Speaker,2,33.79,67.58
C0309,2023-10-23,Fiction Novel,1,11.36,11.36
C0015,2023-10-25,Baseball Cap,1,68.37,68.37
C0032,2023-10-25,Smartphone Case,2,60.19,120.38
C0480,2023-10-25,Denim Jeans,1,43.34,43.34
C0094,2023-10-28,Car Phone Mount,2,32.7,65.4
C0382,2023-10-28,Vacuum Cleaner,2,96.22,192.44
C0495,2023-10-28,Casual T-Shirt,1,13.25,13.25
C0027,2023-10-29,Business Strategy Book,1,60.94,60.94
C0198,2023-10-29,Air Purifier,2,259.37,518.74
C0245,2023-10-29,Coffee Maker,2,103.89,207.78
C0451,2023-10-29,Smartphone Case,2,15.12,30.24
C0463,2023-10-29,Car Phone Mount,2,16.4,32.8
C0491,2023-10-29,Storage Bins,2,11.81,23.62
C0112,2023-10-30,Business Strategy Book,1,29.9,29.9
C0257,2023-10-30,Fiction Novel,1,10.57,10.57
C0354,2023-10-30,Car Phone Mount,4,16.45,65.8
C0059,2023-10-31,Smartphone Case,1,25.74,25.74
C0071,2023-10-31,Car Phone Mount,1,30.19,30.19
C0148,2023-10-31,Vacuum Cleaner,1,189.15,189.15
C0340,2023-10-31,USB-C Cable,2,8.38,16.76
C0226,2023-11-01,Wireless Headphones,1,160.94,160.94
C0294,2023-11-01,Casual T-Shirt,1,18.29,18.29
C0454,2023-11-01,Fiction Novel,1,16.08,16.08
C0482,2023-11-01,Kitchen Scale,4,23.56,94.24
C0077,2023-11-02,Power Bank,4,60.85,243.4
C0167,2023-11-02,Power Bank,1,57.52,57.52
C0216,2023-11-02,Fiction Novel,3,25.44,76.32
C0245,2023-11-04,Sunglasses,2,78.98,157.96
C0377,2023-11-04,Baseball Cap,1,22.77,22.77
C0090,2023-11-05,Sunglasses,4,89.57,358.28
C0296,2023-11-05,Running Shoes,1,87.37,87.37
C0527,2023-11-05,Wireless Headphones,2,88.16,176.32
C0222,2023-11-06,Casual T-Shirt,2,33.67,67.34
C0187,2023-11-07,Wireless Charger,1,45.48,45.48
C0524,2023-11-08,USB-C Cable,1,13.21,13.21
C0032,2023-11-09,Casual T-Shirt,1,50.78,50.78
C0196,2023-11-09,Vacuum Cleaner,2,236.25,472.5
C0360,2023-11-09,Wireless Headphones,1,80.38,80.38
C0216,2023-11-12,Self-Help Guide,1,30.75,30.75
C0460,2023-11-12,Sunglasses,1,47.87,47.87
C0108,2023-11-14,Power Bank,2,60.1,120.2
C0217,2023-11-14,Sunglasses,1,77.6,77.6
C0318,2023-11-14,Car Phone Mount,2,24.04,48.08
C0447,2023-11-14,Casual T-Shirt,1,18.38,18.38
C0126,2023-11-15,LED Desk Lamp,1,61.25,61.25
C0344,2023-11-15,Smartphone Case,2,20.61,41.22
C0257,2023-11-16,Running Shoes,1,91.63,91.63
C0281,2023-11-19,Bluetooth Speaker,1,44.86,44.86
C0345,2023-11-20,Business Strategy Book,1,24.28,24.28
C0436,2023-11-20,Baseball Cap,2,24.93,49.86
C0158,2023-11-23,Power Bank,1,57.52,57.52
C0520,2023-11-23,Storage Bins,2,15.86,31.72
C0284,2023-11-26,Sunglasses,1,47.85,47.85
C0126,2023-11-27,Wireless Charger,2,51.45,102.9
C0333,2023-11-27,Bluetooth Speaker,1,41.66,41.66
C0185,2023-11-29,Screen Protector,3,15.66,46.98
C0155,2023-11-30,Bluetooth Speaker,2,70.28,140.56
C0134,2023-12-02,Baseball Cap,1,43.69,43.69
C0520,2023-12-04,USB-C Cable,1,12.6,12.6
C0272,2023-12-05,Storage Bins,1,16.81,16.81
C0378,2023-12-06,Casual T-Shirt,2,18.57,37.14
C0337,2023-12-07,Wireless Charger,1,27.74,27.74
C0118,2023-12-08,Power Bank,1,63.49,63.49
C0135,2023-12-08,Fiction Novel,2,27.44,54.88
C0347,2023-12-08,USB-C Cable,1,12.45,12.45
C0430,2023-12-08,Baseball Cap,1,26.92,26.92
C0489,2023-12-08,Denim Jeans,1,54.09,54.09
C0210,2023-12-10,Vacuum Cleaner,2,232.43,464.86
C0347,2023-12-10,Business Strategy Book,1,25.22,25.22
C0434,2023-12-10,Denim Jeans,1,60.17,60.17
C0038,2023-12-11,Wireless Charger,2,108.67,217.34
C0310,2023-12-11,Cookbook,1,32.3,32.3
C0258,2023-12-12,Baseball Cap,4,24.57,98.28
C0285,2023-12-12,Wireless Headphones,1,91.44,91.44
C0393,2023-12-12,Self-Help Guide,2,18.12,36.24
C0498,2023-12-12,Screen Protector,1,10.7,10.7
C0064,2023-12-13,Screen Protector,1,15.86,15.86
C0452,2023-12-14,Bluetooth Speaker,4,40.74,162.96
C0491,2023-12-15,Running Shoes,3,89.45,268.35
C0339,2023-12-16,Smartphone Case,1,20.13,20.13
C0251,2023-12-17,Denim Jeans,3,62.32,186.96
C0027,2023-12-18,Wireless Charger,1,103.38,103.38
C0166,2023-12-18,Air Purifier,1,317.98,317.98
C0421,2023-12-18,Bluetooth Speaker,1,49.25,49.25
C0303,2023-12-19,Self-Help Guide,1,19.02,19.02
C0368,2023-12-19,Sunglasses,1,48.02,48.02
C0354,2023-12-20,LED Desk Lamp,1,39.52,39.52
C0481,2023-12-20,Running Shoes,1,82.8,82.8
C0520,2023-12-20,Smartphone Case,1,19.43,19.43
C0187,2023-12-21,Wireless Charger,1,51.71,51.71
C0416,2023-12-21,Kitchen Scale,1,23.99,23.99
C0119,2023-12-22,Storage Bins,2,28.86,57.72
C0185,2023-12-22,Coffee Maker,1,123.11,123.11
C0504,2023-12-22,Smartphone Case,2,20.58,41.16
C0132,2023-12-23,Baseball Cap,1,42.77,42.77
C0481,2023-12-23,Screen Protector,1,9.91,9.91
C0547,2023-12-23,Wireless Charger,1,31.61,31.61
C0045,2023-12-24,Screen Protector,1,31.98,31.98
C0160,2023-12-24,Coffee Maker,1,137.61,137.61
C0469,2023-12-24,Bluetooth Speaker,1,41.26,41.26
C0346,2023-12-25,Sunglasses,1,47.59,47.59
C0244,2023-12-26,Sunglasses,2,82.0,164.0
C0313,2023-12-26,Car Phone Mount,2,24.06,48.12
C0390,2023-12-26,Running Shoes,1,90.55,90.55
C0149,2023-12-27,Storage Bins,1,25.51,25.51
C0259,2023-12-27,Fiction Novel,1,15.08,15.08
C0375,2023-12-27,Denim Jeans,1,63.93,63.93
C0055,2023-12-29,Storage Bins,1,25.04,25.04
C0067,2023-12-29,Storage Bins,1,29.17,29.17
C0312,2023-12-29,Smartphone Case,1,21.19,21.19
C0395,2023-12-29,Sunglasses,1,45.14,45.14
C0540,2023-12-29,Smartphone Case,1,18.72,18.72
C0186,2023-12-30,Wireless Charger,1,52.92,52.92
C0196,2023-12-30,Smartphone Case,1,35.62,35.62
C0350,2023-12-31,Wireless Headphones,1,90.37,90.37
C0370,2023-12-31,Smartphone Case,1,21.53,21.53
C0454,2023-12-31,Vacuum Cleaner,2,135.44,270.88
C0149,2024-01-01,Wireless Charger,4,39.38,157.52
C0164,2024-01-02,Self-Help Guide,2,24.52,49.04
C0016,2024-01-03,Kitchen Scale,4,62.32,249.28
C0322,2024-01-04,Fiction Novel,1,10.24,10.24
C0054,2024-01-05,Wireless Charger,1,33.29,33.29
C0048,2024-01-08,Air Purifier,1,480.7,480.7
C0105,2024-01-08,Fiction Novel,2,18.74,37.48
C0323,2024-01-09,Screen Protector,1,7.07,7.07
C0301,2024-01-10,Screen Protector,2,6.63,13.26
C0393,2024-01-10,Car Phone Mount,1,16.4,16.4
C0418,2024-01-10,Smartphone Case,1,12.79,12.79
C0474,2024-01-10,Sunglasses,1,35.94,35.94
C0204,2024-01-11,Wireless Charger,4,33.86,135.44
C0272,2024-01-11,Running Shoes,2,66.82,133.64
C0462,2024-01-11,Kitchen Scale,4,18.31,73.24
C0488,2024-01-11,Denim Jeans,1,44.72,44.72
C0324,2024-01-12,Storage Bins,2,10.07,20.14
C0374,2024-01-12,Fiction Novel,1,9.8,9.8
C0419,2024-01-12,Air Purifier,1,128.84,128.84
C0523,2024-01-12,Cookbook,1,22.34,22.34
C0286,2024-01-13,Car Phone Mount,1,18.11,18.11
C0143,2024-01-14,Self-Help Guide,2,23.3,46.6
C0101,2024-01-15,Bluetooth Speaker,1,58.62,58.62
C0237,2024-01-15,USB-C Cable,1,16.77,16.77
C0051,2024-01-16,Business Strategy Book,1,28.13,28.13
C0133,2024-01-16,Storage Bins,1,21.05,21.05
C0420,2024-01-16,Cookbook,2,22.78,45.56
C0203,2024-01-17,LED Desk Lamp,1,47.34,47.34
C0318,2024-01-17,Air Purifier,1,153.25,153.25
C0338,2024-01-18,LED Desk Lamp,1,30.2,30.2
C0083,2024-01-19,Power Bank,1,41.93,41.93
C0435,2024-01-19,Casual T-Shirt,4,13.11,52.44
C0322,2024-01-21,LED Desk Lamp,2,25.4,50.8
C0433,2024-01-21,Bluetooth Speaker,1,30.15,30.15
C0478,2024-01-21,LED Desk Lamp,1,27.89,27.89
C0118,2024-01-22,Storage Bins,1,20.71,20.71
C0153,2024-01-22,Coffee Maker,1,92.55,92.55
C0292,2024-01-22,Running Shoes,1,58.48,58.48
C0094,2024-01-23,Car Phone Mount,1,32.82,32.82
C0285,2024-01-23,Wireless Charger,1,21.08,21.08
C0256,2024-01-24,Fiction Novel,1,11.11,11.11
C0185,2024-01-25,Baseball Cap,1,31.43,31.43
C0444,2024-01-25,Denim Jeans,1,44.45,44.45
C0508,2024-01-25,Vacuum Cleaner,2,103.99,207.98
C0181,2024-01-26,Self-Help Guide,2,24.92,49.84
C0439,2024-01-26,Wireless Charger,2,19.01,38.02
C0197,2024-01-27,Self-Help Guide,2,25.29,50.58
C0215,2024-01-28,Fiction Novel,2,16.59,33.18
C0293,2024-01-29,LED Desk Lamp,1,28.38,28.38
C0041,2024-01-30,LED Desk Lamp,4,92.97,371.88
C0130,2024-01-30,Cookbook,1,35.33,35.33
C0549,2024-01-30,Wireless Headphones,1,57.42,57.42
C0544,2024-01-31,Power Bank,4,26.19,104.76
C0372,2024-02-01,Vacuum Cleaner,2,95.44,190.88
C0043,2024-02-02,Running Shoes,1,207.89,207.89
C0141,2024-02-02,Denim Jeans,1,71.89,71.89
C0253,2024-02-02,Sunglasses,1,34.58,34.58
C0465,2024-02-03,Coffee Maker,1,58.0,58.0
C0494,2024-02-03,Car Phone Mount,1,18.68,18.68
C0544,2024-02-04,Screen Protector,2,6.92,13.84
C0106,2024-02-05,Kitchen Scale,1,28.25,28.25
C0164,2024-02-05,Self-Help Guide,1,22.83,22.83
C0204,2024-02-05,Wireless Charger,1,36.29,36.29
C0250,2024-02-05,Running Shoes,1,109.46,109.46
C0481,2024-02-05,Running Shoes,2,66.63,133.26
C0105,2024-02-06,Smartphone Case,2,26.1,52.2
C0364,2024-02-06,Coffee Maker,1,57.61,57.61
C0371,2024-02-06,Denim Jeans,1,40.92,40.92
C0164,2024-02-07,Fiction Novel,2,19.1,38.2
C0418,2024-02-09,Coffee Maker,1,53.3,53.3
C0546,2024-02-10,LED Desk Lamp,2,26.4,52.8
C0152,2024-02-11,Smartphone Case,2,25.1,50.2
C0155,2024-02-11,Car Phone Mount,1,28.4,28.4
C0169,2024-02-11,Coffee Maker,3,103.16,309.48
C0200,2024-02-14,Self-Help Guide,3,23.11,69.33
C0441,2024-02-14,Sunglasses,1,34.47,34.47
C0468,2024-02-15,Wireless Charger,2,19.03,38.06
C0487,2024-02-15,Running Shoes,2,65.44,130.88
C0062,2024-02-16,Business Strategy Book,2,32.58,65.16
C0146,2024-02-18,Cookbook,1,34.37,34.37
C0440,2024-02-18,Vacuum Cleaner,1,103.57,103.57
C0488,2024-02-18,Cookbook,1,19.67,19.67
C0516,2024-02-18,Car Phone Mount,3,18.11,54.33
C0107,2024-02-19,Wireless Charger,4,37.41,149.64
C0329,2024-02-20,Fiction Novel,1,11.41,11.41
C0409,2024-02-20,Kitchen Scale,1,16.67,16.67
C0152,2024-02-21,Car Phone Mount,1,27.84,27.84
C0243,2024-02-21,Power Bank,2,39.52,79.04
C0169,2024-02-22,Storage Bins,1,19.17,19.17
C0135,2024-02-24,Vacuum Cleaner,1,176.23,176.23
C0162,2024-02-24,Running Shoes,3,110.29,330.87
C0289,2024-02-24,Storage Bins,2,10.69,21.38
C0368,2024-02-24,Kitchen Scale,2,17.83,35.66
C0121,2024-02-25,Coffee Maker,1,86.73,86.73
C0130,2024-02-25,Coffee Maker,1,96.15,96.15
C0152,2024-02-26,Cookbook,1,35.55,35.55
C0195,2024-02-26,USB-C Cable,1,17.01,17.01
C0114,2024-02-27,Vacuum Cleaner,2,181.56,363.12
C0022,2024-02-29,Fiction Novel,1,37.33,37.33
C0043,2024-02-29,Wireless Headphones,4,219.86,879.44
C0218,2024-02-29,Cookbook,2,35.54,71.08
C0016,2024-03-02,Smartphone Case,3,48.84,146.52
C0231,2024-03-02,Kitchen Scale,2,29.08,58.16
C0447,2024-03-02,Wireless Headphones,2,68.84,137.68
C0330,2024-03-03,Screen Protector,1,6.47,6.47
C0406,2024-03-03,Coffee Maker,1,56.44,56.44
C0030,2024-03-04,Storage Bins,1,42.67,42.67
C0145,2024-03-04,Car Phone Mount,1,32.25,32.25
C0220,2024-03-06,Smartphone Case,1,23.2,23.2
C0344,2024-03-06,Wireless Charger,1,19.02,19.02
C0540,2024-03-06,Bluetooth Speaker,1,32.86,32.86
C0295,2024-03-07,Business Strategy Book,1,16.17,16.17
C0339,2024-03-07,Kitchen Scale,1,19.97,19.97
C0413,2024-03-07,Air Purifier,2,135.69,271.38
C0453,2024-03-07,Kitchen Scale,1,17.21,17.21
C0067,2024-03-09,Baseball Cap,2,30.36,60.72
C0173,2024-03-09,Smartphone Case,1,25.23,25.23
C0043,2024-03-10,Air Purifier,2,471.09,942.18
C0045,2024-03-10,Fiction Novel,3,38.57,115.71
C0057,2024-03-10,Wireless Headphones,2,108.97,217.94
C0114,2024-03-10,Vacuum Cleaner,2,188.43,376.86
C0294,2024-03-10,Screen Protector,2,6.58,13.16
C0337,2024-03-10,Wireless Charger,1,18.94,18.94
C0423,2024-03-10,Wireless Headphones,3,61.08,183.24
C0434,2024-03-10,LED Desk Lamp,2,25.27,50.54
C0083,2024-03-11,Air Purifier,2,226.24,452.48
C0391,2024-03-11,Cookbook,1,20.57,20.57
C0407,2024-03-11,Bluetooth Speaker,1,31.53,31.53
C0425,2024-03-11,LED Desk Lamp,2,28.57,57.14
C0038,2024-03-12,Cookbook,1,70.7,70.7
C0153,2024-03-12,Baseball Cap,1,31.34,31.34
C0321,2024-03-12,LED Desk Lamp,1,27.02,27.02
C0397,2024-03-13,LED Desk Lamp,1,29.53,29.53
C0295,2024-03-14,Fiction Novel,1,9.8,9.8
C0151,2024-03-15,LED Desk Lamp,4,47.55,190.2
C0016,2024-03-16,Smartphone Case,3,48.84,146.52
C0532,2024-03-16,Coffee Maker,1,56.12,56.12
C0118,2024-03-17,Sunglasses,3,62.28,186.84
C0144,2024-03-17,LED Desk Lamp,1,48.37,48.37
C0473,2024-03-18,Power Bank,1,24.96,24.96
C0520,2024-03-18,Vacuum Cleaner,1,115.21,115.21
C0292,2024-03-19,Smartphone Case,1,12.61,12.61
C0141,2024-03-20,Wireless Charger,1,38.32,38.32
C0185,2024-03-20,Power Bank,1,45.88,45.88
C0131,2024-03-21,Bluetooth Speaker,3,58.02,174.06
C0141,2024-03-21,Cookbook,1,38.3,38.3
C0303,2024-03-21,Baseball Cap,1,16.35,16.35
C0491,2024-03-21,Denim Jeans,1,42.38,42.38
C0227,2024-03-22,Cookbook,2,33.94,67.88
C0213,2024-03-24,Sunglasses,1,54.56,54.56
C0280,2024-03-24,LED Desk Lamp,2,25.93,51.86
C0514,2024-03-24,Coffee Maker,1,54.84,54.84
C0045,2024-03-25,Screen Protector,1,31.98,31.98
C0247,2024-03-25,Self-Help Guide,1,25.76,25.76
C0431,2024-03-25,Casual T-Shirt,1,12.8,12.8
C0500,2024-03-25,Baseball Cap,1,15.83,15.83
C0429,2024-03-26,Power Bank,1,24.88,24.88
C0016,2024-03-27,Wireless Charger,2,88.72,177.44
C0180,2024-03-27,Smartphone Case,1,25.5,25.5
C0335,2024-03-27,Air Purifier,3,129.94,389.82
C0101,2024-03-28,Bluetooth Speaker,1,50.75,50.75
C0118,2024-03-28,Fiction Novel,3,18.47,55.41
C0013,2024-03-29,Sunglasses,4,115.21,460.84
C0022,2024-03-29,Fiction Novel,1,37.33,37.33
C0244,2024-03-29,Running Shoes,1,116.68,116.68
C0027,2024-03-30,Vacuum Cleaner,1,400.33,400.33
C0307,2024-03-30,Cookbook,1,19.87,19.87
C0513,2024-03-30,Baseball Cap,1,18.14,18.14
C0197,2024-03-31,Car Phone Mount,2,28.54,57.08
C0272,2024-03-31,Wireless Charger,1,21.62,21.62
C0311,2024-03-31,Business Strategy Book,2,16.63,33.26
C0335,2024-03-31,LED Desk Lamp,2,25.91,51.82
C0117,2024-04-01,Denim Jeans,1,71.9,71.9
C0152,2024-04-01,LED Desk Lamp,1,52.35,52.35
C0037,2024-04-02,Kitchen Scale,1,61.61,61.61
C0404,2024-04-02,Sunglasses,3,35.18,105.54
C0394,2024-04-03,Casual T-Shirt,4,12.95,51.8
C0031,2024-04-04,Smartphone Case,2,45.05,90.1
C0180,2024-04-04,Screen Protector,2,12.49,24.98
C0293,2024-04-04,Car Phone Mount,1,18.96,18.96
C0274,2024-04-05,Self-Help Guide,1,15.1,15.1
C0438,2024-04-05,Baseball Cap,1,15.87,15.87
C0501,2024-04-05,Coffee Maker,2,52.21,104.42
C0368,2024-04-06,Kitchen Scale,1,16.54,16.54
C0374,2024-04-06,Power Bank,2,25.58,51.16
C0407,2024-04-06,Baseball Cap,2,18.51,37.02
C0022,2024-04-09,Air Purifier,1,509.79,509.79
C0193,2024-04-09,Air Purifier,1,216.58,216.58
C0348,2024-04-10,Power Bank,1,22.82,22.82
C0455,2024-04-10,Smartphone Case,1,14.51,14.51
C0145,2024-04-11,Kitchen Scale,1,34.13,34.13
C0229,2024-04-11,Wireless Charger,1,35.69,35.69
C0038,2024-04-12,Wireless Charger,2,108.67,217.34
C0428,2024-04-12,Vacuum Cleaner,1,97.98,97.98
C0254,2024-04-13,Self-Help Guide,1,12.77,12.77
C0486,2024-04-13,Smartphone Case,1,13.09,13.09
C0307,2024-04-14,Wireless Headphones,1,58.79,58.79
C0383,2024-04-14,Power Bank,1,23.24,23.24
C0034,2024-04-15,Self-Help Guide,1,50.33,50.33
C0054,2024-04-15,Kitchen Scale,1,33.25,33.25
C0231,2024-04-15,Smartphone Case,1,24.37,24.37
C0328,2024-04-15,Fiction Novel,2,10.67,21.34
C0457,2024-04-15,Business Strategy Book,1,17.1,17.1
C0371,2024-04-16,Sunglasses,1,32.89,32.89
C0038,2024-04-17,Cookbook,1,70.7,70.7
C0045,2024-04-17,LED Desk Lamp,1,92.75,92.75
C0083,2024-04-17,Air Purifier,1,242.18,242.18
C0235,2024-04-17,Bluetooth Speaker,1,50.88,50.88
C0391,2024-04-17,Business Strategy Book,1,17.64,17.64
C0445,2024-04-18,Kitchen Scale,2,18.31,36.62
C0533,2024-04-18,Baseball Cap,1,16.56,16.56
C0045,2024-04-19,LED Desk Lamp,1,92.75,92.75
C0078,2024-04-19,Running Shoes,2,111.81,223.62
C0227,2024-04-20,Air Purifier,3,255.3,765.9
C0385,2024-04-20,Storage Bins,2,11.02,22.04
C0518,2024-04-20,Business Strategy Book,4,16.56,66.24
C0302,2024-04-21,Car Phone Mount,1,17.42,17.42
C0052,2024-04-22,Baseball Cap,3,31.72,95.16
C0157,2024-04-22,LED Desk Lamp,1,44.18,44.18
C0165,2024-04-23,Coffee Maker,2,97.83,195.66
C0136,2024-04-25,Baseball Cap,1,29.04,29.04
C0163,2024-04-26,Kitchen Scale,3,31.64,94.92
C0016,2024-04-27,Kitchen Scale,4,62.32,249.28
C0022,2024-04-27,Air Purifier,1,509.79,509.79
C0162,2024-04-27,Smartphone Case,3,23.86,71.58
C0541,2024-04-27,LED Desk Lamp,1,29.77,29.77
C0135,2024-04-29,Business Strategy Book,1,29.5,29.5
C0176,2024-04-29,Baseball Cap,1,29.45,29.45
C0195,2024-05-02,USB-C Cable,3,16.02,48.06
C0432,2024-05-02,Denim Jeans,1,41.88,41.88
C0072,2024-05-04,Bluetooth Speaker,1,50.95,50.95
C0233,2024-05-04,Kitchen Scale,1,31.13,31.13
C0280,2024-05-04,Screen Protector,1,7.25,7.25
C0113,2024-05-05,Fiction Novel,1,18.17,18.17
C0143,2024-05-05,Car Phone Mount,2,32.67,65.34
C0221,2024-05-05,LED Desk Lamp,1,50.31,50.31
C0027,2024-05-06,Vacuum Cleaner,1,400.33,400.33
C0162,2024-05-06,Self-Help Guide,2,25.89,51.78
C0396,2024-05-06,Vacuum Cleaner,4,107.11,428.44
C0455,2024-05-07,Running Shoes,4,66.79,267.16
C0499,2024-05-08,Denim Jeans,1,41.86,41.86
C0257,2024-05-09,Wireless Headphones,2,60.37,120.74
C0006,2024-05-11,Smartphone Case,1,51.75,51.75
C0102,2024-05-11,Fiction Novel,1,17.82,17.82
C0470,2024-05-11,Cookbook,1,21.18,21.18
C0093,2024-05-12,LED Desk Lamp,2,48.19,96.38
C0333,2024-05-12,Power Bank,1,25.94,25.94
C0471,2024-05-12,Self-Help Guide,2,14.54,29.08
C0221,2024-05-13,Wireless Charger,1,36.59,36.59
C0427,2024-05-13,Power Bank,1,26.28,26.28
C0071,2024-05-14,Cookbook,4,38.0,152.0
C0531,2024-05-14,Running Shoes,2,64.51,129.02
C0003,2024-05-15,Storage Bins,1,43.47,43.47
C0083,2024-05-15,Business Strategy Book,1,31.77,31.77
C0267,2024-05-15,Self-Help Guide,1,14.66,14.66
C0318,2024-05-15,Running Shoes,1,61.49,61.49
C0531,2024-05-16,Storage Bins,1,11.8,11.8
C0380,2024-05-17,Kitchen Scale,2,18.17,36.34
C0413,2024-05-17,Self-Help Guide,1,14.97,14.97
C0076,2024-05-18,Running Shoes,1,105.79,105.79
C0309,2024-05-18,Storage Bins,2,11.91,23.82
C0471,2024-05-18,Smartphone Case,1,12.86,12.86
C0520,2024-05-18,Business Strategy Book,2,18.71,37.42
C0204,2024-05-19,Self-Help Guide,1,24.5,24.5
C0251,2024-05-19,Kitchen Scale,1,17.41,17.41
C0377,2024-05-19,USB-C Cable,1,9.97,9.97
C0195,2024-05-20,Coffee Maker,1,94.01,94.01
C0538,2024-05-20,Business Strategy Book,2,16.97,33.94
C0071,2024-05-21,Car Phone Mount,1,30.19,30.19
C0321,2024-05-22,Sunglasses,2,35.54,71.08
C0102,2024-05-24,Casual T-Shirt,1,22.23,22.23
C0368,2024-05-24,Bluetooth Speaker,1,31.06,31.06
C0003,2024-05-25,Vacuum Cleaner,1,341.35,341.35
C0010,2024-05-25,USB-C Cable,1,29.59,29.59
C0094,2024-05-25,Bluetooth Speaker,1,58.89,58.89
C0124,2024-05-26,Car Phone Mount,1,27.29,27.29
C0196,2024-05-27,Business Strategy Book,1,29.14,29.14
C0041,2024-05-29,Vacuum Cleaner,3,355.07,1065.21
C0411,2024-05-29,Baseball Cap,1,16.32,16.32
C0099,2024-05-30,Kitchen Scale,1,32.58,32.58
C0188,2024-05-30,Coffee Maker,2,104.51,209.02
C0248,2024-05-30,LED Desk Lamp,2,46.25,92.5
C0296,2024-05-30,Self-Help Guide,1,13.86,13.86
C0372,2024-05-30,Vacuum Cleaner,1,108.05,108.05
C0453,2024-05-30,Bluetooth Speaker,2,33.92,67.84
C0245,2024-05-31,LED Desk Lamp,1,48.4,48.4
C0316,2024-05-31,Bluetooth Speaker,3,34.45,103.35
C0078,2024-06-01,Self-Help Guide,2,26.57,53.14
C0128,2024-06-01,Vacuum Cleaner,3,202.25,606.75
C0030,2024-06-02,Casual T-Shirt,1,59.64,59.64
C0320,2024-06-02,Air Purifier,1,145.89,145.89
C0457,2024-06-02,Screen Protector,1,7.49,7.49
C0163,2024-06-03,Vacuum Cleaner,1,202.02,202.02
C0176,2024-06-03,Business Strategy Book,3,34.0,102.0
C0312,2024-06-03,Power Bank,1,26.82,26.82
C0300,2024-06-04,Self-Help Guide,1,16.72,16.72
C0301,2024-06-04,Cookbook,2,21.7,43.4
C0506,2024-06-04,Running Shoes,1,69.18,69.18
C0197,2024-06-05,Screen Protector,3,14.21,42.63
C0476,2024-06-05,Fiction Novel,1,12.13,12.13
C0020,2024-06-06,Baseball Cap,1,67.07,67.07
C0458,2024-06-06,Bluetooth Speaker,4,36.85,147.4
C0003,2024-06-07,LED Desk Lamp,1,107.41,107.41
C0062,2024-06-07,Power Bank,1,45.92,45.92
C0084,2024-06-07,Power Bank,1,46.95,46.95
C0248,2024-06-07,Self-Help Guide,4,28.76,115.04
C0427,2024-06-07,Business Strategy Book,1,18.42,18.42
C0202,2024-06-08,Kitchen Scale,1,35.54,35.54
C0383,2024-06-08,Running Shoes,1,62.43,62.43
C0349,2024-06-09,Coffee Maker,1,58.27,58.27
C0375,2024-06-09,Smartphone Case,1,15.09,15.09
C0146,2024-06-10,Smartphone Case,2,24.81,49.62
C0293,2024-06-11,Self-Help Guide,1,15.89,15.89
C0246,2024-06-13,Self-Help Guide,2,27.62,55.24
C0010,2024-06-14,Running Shoes,2,238.9,477.8
C0103,2024-06-14,Smartphone Case,1,26.35,26.35
C0110,2024-06-14,Car Phone Mount,2,31.91,63.82
C0336,2024-06-15,USB-C Cable,1,10.52,10.52
C0020,2024-06-16,Coffee Maker,4,222.51,890.04
C0054,2024-06-16,Cookbook,2,40.31,80.62
C0250,2024-06-16,LED Desk Lamp,2,50.92,101.84
C0362,2024-06-16,Business Strategy Book,1,19.76,19.76
C0072,2024-06-17,Coffee Maker,1,97.58,97.58
C0062,2024-06-19,Sunglasses,2,70.01,140.02
C0157,2024-06-19,Fiction Novel,1,18.35,18.35
C0312,2024-06-19,Self-Help Guide,3,15.75,47.25
C0322,2024-06-19,Cookbook,2,24.84,49.68
C0081,2024-06-20,Storage Bins,1,19.12,19.12
C0127,2024-06-20,Running Shoes,1,118.3,118.3
C0240,2024-06-20,Casual T-Shirt,1,24.17,24.17
C0034,2024-06-21,Car Phone Mount,1,68.29,68.29
C0320,2024-06-21,Storage Bins,2,13.22,26.44
C0315,2024-06-22,Business Strategy Book,4,18.03,72.12
C0054,2024-06-23,Wireless Charger,1,33.29,33.29
C0338,2024-06-23,USB-C Cable,1,10.58,10.58
C0242,2024-06-25,Storage Bins,1,22.52,22.52
C0422,2024-06-25,Fiction Novel,2,12.38,24.76
C0463,2024-06-25,Bluetooth Speaker,2,35.26,70.52
C0336,2024-06-26,Business Strategy Book,1,19.01,19.01
C0371,2024-06-27,Smartphone Case,1,16.13,16.13
C0071,2024-06-28,Cookbook,4,38.0,152.0
C0026,2024-06-30,Bluetooth Speaker,3,132.08,396.24
C0180,2024-06-30,Fiction Novel,2,18.16,36.32
C0285,2024-06-30,Running Shoes,1,64.02,64.02
C0366,2024-06-30,Smartphone Case,1,16.8,16.8
C0084,2024-07-01,Casual T-Shirt,2,27.46,54.92
C0195,2024-07-01,Business Strategy Book,4,33.88,135.52
C0380,2024-07-01,Smartphone Case,1,14.35,14.35
C0411,2024-07-01,Smartphone Case,1,14.72,14.72
C0046,2024-07-02,Kitchen Scale,1,77.72,77.72
C0084,2024-07-02,Kitchen Scale,4,33.03,132.12
C0474,2024-07-02,LED Desk Lamp,4,33.72,134.88
C0241,2024-07-03,Fiction Novel,1,19.19,19.19
C0256,2024-07-03,USB-C Cable,2,10.42,20.84
C0066,2024-07-04,Storage Bins,3,19.58,58.74
C0100,2024-07-05,Car Phone Mount,2,33.75,67.5
C0231,2024-07-06,USB-C Cable,1,18.42,18.42
C0310,2024-07-07,Screen Protector,1,8.03,8.03
C0363,2024-07-07,Smartphone Case,1,14.18,14.18
C0386,2024-07-08,Cookbook,2,22.1,44.2
C0425,2024-07-09,Air Purifier,1,165.21,165.21
C0010,2024-07-10,Running Shoes,2,235.04,470.08
C0028,2024-07-10,LED Desk Lamp,1,99.83,99.83
C0034,2024-07-10,Business Strategy Book,3,59.82,179.46
C0041,2024-07-10,Vacuum Cleaner,3,355.07,1065.21
C0062,2024-07-10,Power Bank,1,45.92,45.92
C0072,2024-07-10,Coffee Maker,1,97.58,97.58
C0277,2024-07-10,Cookbook,1,21.27,21.27
C0053,2024-07-11,Smartphone Case,1,28.71,28.71
C0317,2024-07-11,Storage Bins,1,11.76,11.76
C0413,2024-07-11,Coffee Maker,1,55.45,55.45
C0114,2024-07-12,Casual T-Shirt,3,24.44,73.32
C0370,2024-07-12,Baseball Cap,1,19.97,19.97
C0529,2024-07-12,USB-C Cable,1,9.05,9.05
C0054,2024-07-13,Kitchen Scale,1,33.25,33.25
C0142,2024-07-13,Coffee Maker,1,102.84,102.84
C0224,2024-07-14,Car Phone Mount,1,32.33,32.33
C0226,2024-07-14,Casual T-Shirt,1,25.38,25.38
C0262,2024-07-14,Vacuum Cleaner,1,109.92,109.92
C0303,2024-07-14,Wireless Headphones,2,71.64,143.28
C0332,2024-07-14,Wireless Headphones,1,65.98,65.98
C0128,2024-07-15,Running Shoes,2,121.79,243.58
C0028,2024-07-16,Baseball Cap,1,75.36,75.36
C0030,2024-07-16,Storage Bins,1,42.67,42.67
C0232,2024-07-16,LED Desk Lamp,3,50.25,150.75
C0030,2024-07-18,Storage Bins,1,42.67,42.67
C0241,2024-07-18,Storage Bins,2,22.33,44.66
C0485,2024-07-18,Coffee Maker,2,62.2,124.4
C0020,2024-07-19,Coffee Maker,4,222.51,890.04
C0397,2024-07-19,Kitchen Scale,1,20.54,20.54
C0487,2024-07-19,Baseball Cap,2,19.51,39.02
C0408,2024-07-20,Baseball Cap,3,18.56,55.68
C0303,2024-07-21,Vacuum Cleaner,4,106.01,424.04
C0041,2024-07-22,Kitchen Scale,1,71.13,71.13
C0057,2024-07-24,USB-C Cable,1,17.83,17.83
C0190,2024-07-24,Screen Protector,1,14.08,14.08
C0217,2024-07-24,Wireless Charger,1,36.04,36.04
C0252,2024-07-24,Smartphone Case,4,16.76,67.04
C0371,2024-07-24,Wireless Headphones,1,74.48,74.48
C0046,2024-07-25,Self-Help Guide,1,53.62,53.62
C0251,2024-07-25,Casual T-Shirt,2,14.28,28.56
C0084,2024-07-26,Sunglasses,1,59.99,59.99
C0268,2024-07-26,Power Bank,1,28.93,28.93
C0020,2024-07-27,Baseball Cap,1,67.07,67.07
C0430,2024-07-27,Sunglasses,2,37.37,74.74
C0028,2024-07-28,LED Desk Lamp,1,99.83,99.83
C0054,2024-07-28,Wireless Charger,1,33.29,33.29
C0339,2024-07-28,Baseball Cap,1,20.64,20.64
C0539,2024-07-28,Running Shoes,4,68.0,272.0
C0461,2024-07-29,Denim Jeans,2,44.94,89.88
C0405,2024-07-31,Wireless Headphones,1,65.46,65.46
C0449,2024-07-31,Self-Help Guide,1,16.29,16.29
